deskID,deskNum,building_buildingID,floor,room,resource,isHotdesk,nearWindow,nearKitchin,nearEntrance,isLiftable,monitorNum
DLN02.4.402.001,1,DLN02,4,402,1,,TRUE,,,,
DLN02.4.402.002,2,DLN02,4,402,1,,TRUE,,,,
DLN02.4.402.003,3,DLN02,4,402,1,,TRUE,,,,
DLN02.4.402.004,4,DLN02,4,402,1,,,,,,
DLN02.4.402.005,5,DLN02,4,402,1,,,,,,
DLN02.4.402.006,6,DLN02,4,402,1,,,,,,
DLN02.4.402.007,7,DLN02,4,402,1,,TRUE,,,,
DLN02.4.402.008,8,DLN02,4,402,1,,,,,,
DLN02.4.402.009,9,DLN02,4,402,1,,,,,,
DLN02.4.402.010,10,DLN02,4,402,1,,,,,,
DLN02.4.402.011,11,DLN02,4,402,1,,TRUE,,,,
DLN02.4.402.012,12,DLN02,4,402,1,,,,,,
DLN02.4.402.013,13,DLN02,4,402,1,,,,,,
DLN02.4.402.014,14,DLN02,4,402,1,,,,,,
DLN02.4.402.015,15,DLN02,4,402,1,,TRUE,,,,
DLN02.4.402.016,16,DLN02,4,402,1,,,,,,
DLN02.4.402.017,17,DLN02,4,402,1,,,,,,
DLN02.4.402.018,18,DLN02,4,402,1,,,,,,
DLN02.4.402.019,19,DLN02,4,402,1,,TRUE,,,,
DLN02.4.402.020,20,DLN02,4,402,1,,,,,,
DLN02.4.402.021,21,DLN02,4,402,1,,,,,,
DLN02.4.402.022,22,DLN02,4,402,1,,,,,,
DLN02.4.402.023,23,DLN02,4,402,1,,TRUE,,,,
DLN02.4.402.024,24,DLN02,4,402,1,,,,,,
DLN02.4.402.025,25,DLN02,4,402,1,,,,,,
DLN02.4.402.026,26,DLN02,4,402,1,,,,,,
DLN02.4.402.027,27,DLN02,4,402,1,,TRUE,,,,
DLN02.4.402.028,28,DLN02,4,402,1,,,,,,
DLN02.4.402.029,29,DLN02,4,402,1,,,,,,
DLN02.4.402.030,30,DLN02,4,402,1,,,,,,
DLN02.4.402.031,31,DLN02,4,402,1,,TRUE,,,,
DLN02.4.402.032,32,DLN02,4,402,1,,,,,,
DLN02.4.402.033,33,DLN02,4,402,1,,,,,,
DLN02.4.402.034,34,DLN02,4,402,1,,,,,,
DLN02.4.402.035,35,DLN02,4,402,1,,TRUE,,,,
DLN02.4.402.036,36,DLN02,4,402,1,,,,,,
DLN02.4.402.037,37,DLN02,4,402,1,,,,,,
DLN02.4.402.038,38,DLN02,4,402,1,,,,,,
DLN02.4.402.039,39,DLN02,4,402,1,,TRUE,,,,
DLN02.4.402.040,40,DLN02,4,402,1,,,,,,
DLN02.4.402.041,41,DLN02,4,402,1,,,,,,
DLN02.4.402.042,42,DLN02,4,402,1,,,,,,
DLN02.4.402.043,43,DLN02,4,402,1,,TRUE,,,,
DLN02.4.402.044,44,DLN02,4,402,1,,,,,,
DLN02.4.402.045,45,DLN02,4,402,1,,,,,,
DLN02.4.402.046,46,DLN02,4,402,1,,,TRUE,,,
DLN02.4.402.047,47,DLN02,4,402,1,,TRUE,TRUE,,,
DLN02.4.402.048,48,DLN02,4,402,1,,,,,,
DLN02.4.402.049,49,DLN02,4,402,1,,,,,,
DLN02.4.402.050,50,DLN02,4,402,1,,,TRUE,,,
DLN02.4.402.051,51,DLN02,4,402,1,,TRUE,TRUE,,,
DLN02.4.402.052,52,DLN02,4,402,1,,,,,,
DLN02.4.402.053,53,DLN02,4,402,1,,,,,,
DLN02.4.402.054,54,DLN02,4,402,1,,,TRUE,,,
DLN02.4.402.055,55,DLN02,4,402,1,,TRUE,TRUE,,,
DLN02.4.402.056,56,DLN02,4,402,1,,,,,,
DLN02.4.402.057,57,DLN02,4,402,1,,,,,,
DLN02.4.402.058,58,DLN02,4,402,1,,,,,,
DLN02.4.402.059,59,DLN02,4,402,1,,TRUE,,,,
DLN02.4.402.060,60,DLN02,4,402,1,,,,,,
DLN02.4.402.061,61,DLN02,4,402,1,,,,,,
DLN02.4.402.062,62,DLN02,4,402,1,,,,,,
DLN02.4.402.063,63,DLN02,4,402,1,,TRUE,,,,
DLN02.4.402.064,64,DLN02,4,402,1,,,,,,
DLN02.4.402.065,65,DLN02,4,402,1,,,,,,
DLN02.4.402.066,66,DLN02,4,402,1,,,,,,
DLN02.4.402.067,67,DLN02,4,402,1,,TRUE,,,,
DLN02.4.402.068,68,DLN02,4,402,1,,,,,,
DLN02.4.402.069,69,DLN02,4,402,1,,,,,,
DLN02.4.402.070,70,DLN02,4,402,1,,,,,,
DLN02.4.402.071,71,DLN02,4,402,1,,TRUE,,,,
DLN02.4.402.072,72,DLN02,4,402,1,,,,,,
DLN02.4.402.073,73,DLN02,4,402,1,,,,,,
DLN02.4.402.074,74,DLN02,4,402,1,,,,,,
DLN02.4.402.075,75,DLN02,4,402,1,,TRUE,,,,
DLN02.4.402.076,76,DLN02,4,402,1,,,,,,
DLN02.4.402.077,77,DLN02,4,402,1,,,,TRUE,,
DLN02.4.402.078,78,DLN02,4,402,1,,,,TRUE,,
DLN02.4.402.079,79,DLN02,4,402,1,,TRUE,,,,
DLN02.4.402.080,80,DLN02,4,402,1,,,,,,
DLN02.4.402.081,81,DLN02,4,402,1,,,,TRUE,,
DLN02.4.402.082,82,DLN02,4,402,1,,,,TRUE,,
DLN02.4.402.083,83,DLN02,4,402,1,,TRUE,,,,
DLN02.4.402.084,84,DLN02,4,402,1,,,,,,
DLN02.4.402.085,85,DLN02,4,402,1,,,,TRUE,,
DLN02.4.402.086,86,DLN02,4,402,1,,,,TRUE,,
DLN02.4.402.087,87,DLN02,4,402,1,,TRUE,,,,
DLN02.4.402.088,88,DLN02,4,402,1,,,,,,
DLN02.4.402.089,89,DLN02,4,402,1,,TRUE,,,,
DLN02.4.402.090,90,DLN02,4,402,1,,,,,,
DLN02.4.402.091,91,DLN02,4,402,1,,TRUE,,,,
DLN02.4.402.092,92,DLN02,4,402,1,,,,,,
DLN02.4.402.093,93,DLN02,4,402,1,,TRUE,,,,
DLN02.4.402.094,94,DLN02,4,402,1,,,,,,
DLN02.4.402.095,95,DLN02,4,402,1,,TRUE,,,,
DLN02.4.402.096,96,DLN02,4,402,1,,TRUE,,,,
DLN02.4.402.097,97,DLN02,4,402,1,,,,,,
DLN02.4.402.098,98,DLN02,4,402,1,,,,,,
DLN02.4.402.099,99,DLN02,4,402,1,,,,,,
DLN02.4.402.100,100,DLN02,4,402,1,,,,,,
DLN02.4.402.101,101,DLN02,4,402,1,,,,,,
DLN02.4.402.102,102,DLN02,4,402,1,,,,,,
DLN02.4.402.103,103,DLN02,4,402,1,,,,,,
DLN02.4.402.104,104,DLN02,4,402,1,,,,,,
DLN02.4.402.105,105,DLN02,4,402,1,,,,,,
DLN02.4.402.106,106,DLN02,4,402,1,,,,,,
DLN02.4.402.107,107,DLN02,4,402,1,,,,,,
DLN02.4.402.108,108,DLN02,4,402,1,,,,,,
DLN02.4.402.109,109,DLN02,4,402,1,,,,,,
DLN02.4.402.110,110,DLN02,4,402,1,,,,,,
DLN02.4.402.111,111,DLN02,4,402,1,,,,,,
DLN02.4.402.112,112,DLN02,4,402,1,,,,,,
DLN02.4.402.113,113,DLN02,4,402,1,,,,,,
DLN02.4.402.114,114,DLN02,4,402,1,,,,,,
DLN02.4.402.115,115,DLN02,4,402,1,,TRUE,,,,
DLN02.4.402.116,116,DLN02,4,402,1,,TRUE,,,,
DLN02.4.402.117,117,DLN02,4,402,1,,TRUE,,,,
DLN02.4.402.118,118,DLN02,4,402,1,,,,,,
DLN02.4.402.119,119,DLN02,4,402,1,,TRUE,,,,
DLN02.4.402.120,120,DLN02,4,402,1,,,,,,
DLN02.4.402.121,121,DLN02,4,402,1,,TRUE,,,,
DLN02.4.402.122,122,DLN02,4,402,1,,,,,,
DLN02.4.402.123,123,DLN02,4,402,1,,,,,,
DLN02.4.402.124,124,DLN02,4,402,1,,,,,,
DLN02.4.402.125,125,DLN02,4,402,1,,TRUE,,,,
DLN02.4.402.126,126,DLN02,4,402,1,,,,,,
DLN02.4.402.127,127,DLN02,4,402,1,,,,,,
DLN02.4.402.128,128,DLN02,4,402,1,,,,,,
DLN02.4.402.129,129,DLN02,4,402,1,,TRUE,,,,
DLN02.4.402.130,130,DLN02,4,402,1,,,,,,
DLN02.4.402.131,131,DLN02,4,402,1,,,,,,
DLN02.4.402.132,132,DLN02,4,402,1,,,,,,
DLN02.4.402.133,133,DLN02,4,402,1,,TRUE,,,,
DLN02.4.402.134,134,DLN02,4,402,1,,,,,,
DLN02.4.402.135,135,DLN02,4,402,1,,,,,,
DLN02.4.402.136,136,DLN02,4,402,1,,,,,,
DLN02.4.402.137,137,DLN02,4,402,1,,TRUE,,,,
DLN02.4.402.138,138,DLN02,4,402,1,,,,,,
DLN02.4.402.139,139,DLN02,4,402,1,,,,,,
DLN02.4.402.140,140,DLN02,4,402,1,,,,,,
DLN02.4.402.141,141,DLN02,4,402,1,,TRUE,,,,
DLN02.4.402.142,142,DLN02,4,402,1,,,,,,
DLN02.4.402.143,143,DLN02,4,402,1,,,,,,
DLN02.4.402.144,144,DLN02,4,402,1,,,,,,
DLN02.4.402.145,145,DLN02,4,402,1,,TRUE,,,,
DLN02.4.402.146,146,DLN02,4,402,1,,,,,,
DLN02.4.402.147,147,DLN02,4,402,1,,,,,,
DLN02.4.402.148,148,DLN02,4,402,1,,,,,,
DLN02.4.402.149,149,DLN02,4,402,1,,TRUE,,,,
DLN02.4.402.150,150,DLN02,4,402,1,,,,,,
DLN02.4.402.151,151,DLN02,4,402,1,,,,,,
DLN02.4.402.152,152,DLN02,4,402,1,,,,,,
DLN02.4.402.153,153,DLN02,4,402,1,,TRUE,,,,
DLN02.4.402.154,154,DLN02,4,402,1,,,,,,
DLN02.4.402.155,155,DLN02,4,402,1,,,,,,
DLN02.4.402.156,156,DLN02,4,402,1,,,,,,
DLN02.4.402.157,157,DLN02,4,402,1,,TRUE,,,,
DLN02.4.401.001,1,DLN02,4,401,1,,,,,,
DLN02.4.401.002,2,DLN02,4,401,1,,,,,,
DLN02.4.401.003,3,DLN02,4,401,1,,,,,,
DLN02.4.401.004,4,DLN02,4,401,1,,,,,,
DLN02.4.401.005,5,DLN02,4,401,1,,,,,,
DLN02.4.401.006,6,DLN02,4,401,1,,TRUE,,,,
DLN02.4.401.007,7,DLN02,4,401,1,,TRUE,,,,
DLN02.4.401.008,8,DLN02,4,401,1,,TRUE,,,,
DLN02.4.401.009,9,DLN02,4,401,1,,TRUE,,,,
DLN02.4.401.010,10,DLN02,4,401,1,,,,,,
DLN02.4.401.011,11,DLN02,4,401,1,,TRUE,,,,
DLN02.4.401.012,12,DLN02,4,401,1,,,,,,
DLN02.4.401.013,13,DLN02,4,401,1,,TRUE,,,,
DLN02.4.401.014,14,DLN02,4,401,1,,,,,,
DLN02.4.401.015,15,DLN02,4,401,1,,TRUE,,,,
DLN02.4.401.016,16,DLN02,4,401,1,,,,,,
DLN02.4.401.017,17,DLN02,4,401,1,,,,,,
DLN02.4.401.018,18,DLN02,4,401,1,,,,,,
DLN02.4.401.019,19,DLN02,4,401,1,,TRUE,,,,
DLN02.4.401.020,20,DLN02,4,401,1,,,,,,
DLN02.4.401.021,21,DLN02,4,401,1,,,,,,
DLN02.4.401.022,22,DLN02,4,401,1,,,,,,
DLN02.4.401.023,23,DLN02,4,401,1,,TRUE,,,,
DLN02.4.401.024,24,DLN02,4,401,1,,,,,,
DLN02.4.401.025,25,DLN02,4,401,1,,,,,,
DLN02.4.401.026,26,DLN02,4,401,1,,,,,,
DLN02.4.401.027,27,DLN02,4,401,1,,TRUE,,,,
DLN02.4.401.028,28,DLN02,4,401,1,,,,,,
DLN02.4.401.029,29,DLN02,4,401,1,,,,,,
DLN02.4.401.030,30,DLN02,4,401,1,,,,,,
DLN02.4.401.031,31,DLN02,4,401,1,,TRUE,,,,
DLN02.4.401.032,32,DLN02,4,401,1,,,,,,
DLN02.4.401.033,33,DLN02,4,401,1,,,,,,
DLN02.4.401.034,34,DLN02,4,401,1,,,,,,
DLN02.4.401.035,35,DLN02,4,401,1,,TRUE,,,,
DLN02.4.401.036,36,DLN02,4,401,1,,,,,,
DLN02.4.401.037,37,DLN02,4,401,1,,,,,,
DLN02.4.401.038,38,DLN02,4,401,1,,,,,,
DLN02.4.401.039,39,DLN02,4,401,1,,TRUE,,,,
DLN02.4.401.040,40,DLN02,4,401,1,,,,,,
DLN02.4.401.041,41,DLN02,4,401,1,,,,,,
DLN02.4.401.042,42,DLN02,4,401,1,,,,,,
DLN02.4.401.043,43,DLN02,4,401,1,,TRUE,,,,
DLN02.4.401.044,44,DLN02,4,401,1,,,,,,
DLN02.4.401.045,45,DLN02,4,401,1,,,,,,
DLN02.4.401.046,46,DLN02,4,401,1,,,,,,
DLN02.4.401.047,47,DLN02,4,401,1,,TRUE,,,,
DLN02.4.401.048,48,DLN02,4,401,1,,,,,,
DLN02.4.401.049,49,DLN02,4,401,1,,,,,,
DLN02.4.401.050,50,DLN02,4,401,1,,,,,,
DLN02.4.401.051,51,DLN02,4,401,1,,TRUE,,,,
DLN02.4.401.052,52,DLN02,4,401,1,,,,,,
DLN02.4.401.053,53,DLN02,4,401,1,,,,,,
DLN02.4.401.054,54,DLN02,4,401,1,,,,,,
DLN02.4.401.055,55,DLN02,4,401,1,,TRUE,,,,
DLN02.4.401.056,56,DLN02,4,401,1,,,,,,
DLN02.4.401.057,57,DLN02,4,401,1,,,,,,
DLN02.4.401.058,58,DLN02,4,401,1,,,,,,
DLN02.4.401.059,59,DLN02,4,401,1,,TRUE,,,,
DLN02.4.401.060,60,DLN02,4,401,1,,,,,,
DLN02.4.401.061,61,DLN02,4,401,1,,,,,,
DLN02.4.401.062,62,DLN02,4,401,1,,,,,,
DLN02.4.401.063,63,DLN02,4,401,1,,TRUE,,,,
DLN02.4.401.064,64,DLN02,4,401,1,,,,,,
DLN02.4.401.065,65,DLN02,4,401,1,,,,,,
DLN02.4.401.066,66,DLN02,4,401,1,,,,,,
DLN02.4.401.067,67,DLN02,4,401,1,,TRUE,,,,
DLN02.4.401.068,68,DLN02,4,401,1,,,,,,
DLN02.4.401.069,69,DLN02,4,401,1,,,,,,
DLN02.4.401.070,70,DLN02,4,401,1,,,,,,
DLN02.4.401.071,71,DLN02,4,401,1,,TRUE,,,,
DLN02.4.401.072,72,DLN02,4,401,1,,,,,,
DLN02.4.401.073,73,DLN02,4,401,1,,,,,,
DLN02.4.401.074,74,DLN02,4,401,1,,,,,,
DLN02.4.401.075,75,DLN02,4,401,1,,TRUE,,,,
DLN02.4.401.076,76,DLN02,4,401,1,,,,,,
DLN02.4.401.077,77,DLN02,4,401,1,,,,,,
DLN02.4.401.078,78,DLN02,4,401,1,,,,,,
DLN02.4.401.079,79,DLN02,4,401,1,,TRUE,,,,
DLN02.4.401.080,80,DLN02,4,401,1,,,,,,
DLN02.4.401.081,81,DLN02,4,401,1,,,,,,
DLN02.4.401.082,82,DLN02,4,401,1,,,,,,
DLN02.4.401.083,83,DLN02,4,401,1,,TRUE,,,,
DLN02.4.401.084,84,DLN02,4,401,1,,,,,,
DLN02.4.401.085,85,DLN02,4,401,1,,,,,,
DLN02.4.401.086,86,DLN02,4,401,1,,,,,,
DLN02.4.401.087,87,DLN02,4,401,1,,TRUE,,,,
DLN02.4.401.088,88,DLN02,4,401,1,,,,,,
DLN02.4.401.089,89,DLN02,4,401,1,,,,,,
DLN02.4.401.090,90,DLN02,4,401,1,,,,,,
DLN02.4.401.091,91,DLN02,4,401,1,,,,,,
DLN02.4.401.092,92,DLN02,4,401,1,,,,,,
DLN02.4.401.093,93,DLN02,4,401,1,,,,,,
DLN02.4.401.094,94,DLN02,4,401,1,,,,,,
DLN02.4.401.095,95,DLN02,4,401,1,,,,TRUE,,
DLN02.4.401.096,96,DLN02,4,401,1,,,,TRUE,,
DLN02.4.401.097,97,DLN02,4,401,1,,,,TRUE,,
DLN02.4.401.098,98,DLN02,4,401,1,,,,TRUE,,
DLN02.4.401.099,99,DLN02,4,401,1,,,,TRUE,,
DLN02.4.401.100,100,DLN02,4,401,1,,,,TRUE,,
DLN02.4.401.101,101,DLN02,4,401,1,,,,TRUE,,
DLN02.4.401.102,102,DLN02,4,401,1,,,,TRUE,,
DLN02.4.401.103,103,DLN02,4,401,1,,TRUE,,TRUE,,
DLN02.4.401.104,104,DLN02,4,401,1,,,,TRUE,,
DLN02.4.401.105,105,DLN02,4,401,1,,,,TRUE,,
DLN02.4.401.106,106,DLN02,4,401,1,,TRUE,,TRUE,,
DLN02.4.401.107,107,DLN02,4,401,1,,,,TRUE,,
DLN02.4.401.108,108,DLN02,4,401,1,,,,TRUE,,
DLN02.4.401.109,109,DLN02,4,401,1,,TRUE,,,,
DLN02.4.401.110,110,DLN02,4,401,1,,,,,,
DLN02.4.401.111,111,DLN02,4,401,1,,,,,,
DLN02.4.401.112,112,DLN02,4,401,1,,TRUE,,,,
DLN02.4.401.113,113,DLN02,4,401,1,,,,,,
DLN02.4.401.114,114,DLN02,4,401,1,,,,,,
DLN02.4.401.115,115,DLN02,4,401,1,,TRUE,,,,
DLN02.4.401.116,116,DLN02,4,401,1,,,,,,
DLN02.4.401.117,117,DLN02,4,401,1,,,,,,
DLN02.4.401.118,118,DLN02,4,401,1,,TRUE,,,,
DLN02.4.401.119,119,DLN02,4,401,1,,,,,,
DLN02.4.401.120,120,DLN02,4,401,1,,,,,,
DLN02.4.401.121,121,DLN02,4,401,1,,,,,,
DLN02.4.401.122,122,DLN02,4,401,1,,,,,,
DLN02.4.401.123,123,DLN02,4,401,1,,TRUE,,,,
DLN02.4.401.124,124,DLN02,4,401,1,,,,,,
DLN02.4.401.125,125,DLN02,4,401,1,,TRUE,,,,
DLN02.4.401.126,126,DLN02,4,401,1,,,,,,
DLN02.4.401.127,127,DLN02,4,401,1,,TRUE,,,,
DLN02.4.401.128,128,DLN02,4,401,1,,,,,,
DLN02.4.401.129,129,DLN02,4,401,1,,,,,,
DLN02.4.401.130,130,DLN02,4,401,1,,,,,,
DLN02.4.401.131,131,DLN02,4,401,1,,,,,,
DLN02.4.401.132,132,DLN02,4,401,1,,,,,,
DLN02.4.401.133,133,DLN02,4,401,1,,,,,,
DLN02.4.401.134,134,DLN02,4,401,1,,,,,,
DLN02.4.401.135,135,DLN02,4,401,1,,,,,,
DLN02.4.401.136,136,DLN02,4,401,1,,,,,,
DLN02.4.401.137,137,DLN02,4,401,1,,,,,,
DLN02.4.401.138,138,DLN02,4,401,1,,,,,,
DLN02.4.401.139,139,DLN02,4,401,1,,,,,,
DLN02.4.401.140,140,DLN02,4,401,1,,,,,,
DLN02.4.401.141,141,DLN02,4,401,1,,,,,,
DLN02.4.401.142,142,DLN02,4,401,1,,,,,,
DLN02.4.401.143,143,DLN02,4,401,1,,,,,,
DLN02.4.401.144,144,DLN02,4,401,1,,,,,,
DLN02.4.401.145,145,DLN02,4,401,1,,,,,,
DLN02.4.401.146,146,DLN02,4,401,1,,,,,,
DLN02.4.401.147,147,DLN02,4,401,1,,,,,,
DLN02.4.401.148,148,DLN02,4,401,1,,,,,,
DLN02.4.401.149,149,DLN02,4,401,1,,,,,,
DLN02.4.401.150,150,DLN02,4,401,1,,,,,,
DLN02.4.401.151,151,DLN02,4,401,1,,,,,,
DLN02.4.401.152,152,DLN02,4,401,1,,,,,,
DLN02.4.401.153,153,DLN02,4,401,1,,,,,,
DLN02.4.401.154,154,DLN02,4,401,1,,,,,,
DLN02.4.401.155,155,DLN02,4,401,1,,,,,,
DLN02.4.401.156,156,DLN02,4,401,1,,,,,,
DLN02.4.401.157,157,DLN02,4,401,1,,,,,,
DLN02.4.401.158,158,DLN02,4,401,1,,,,,,
DLN02.4.401.159,159,DLN02,4,401,1,,,,,,
DLN02.4.401.160,160,DLN02,4,401,1,,,,,,
DLN02.4.401.161,161,DLN02,4,401,1,,,,,,
DLN02.4.401.162,162,DLN02,4,401,1,,,,,,
DLN02.4.401.163,163,DLN02,4,401,1,,,,,,
DLN02.4.401.164,164,DLN02,4,401,1,,,,,,
DLN02.4.401.165,165,DLN02,4,401,1,,,,,,
DLN02.4.401.166,166,DLN02,4,401,1,,,,,,
DLN02.4.401.167,167,DLN02,4,401,1,,,,,,
DLN02.4.401.168,168,DLN02,4,401,1,,,,,,
DLN02.4.401.169,169,DLN02,4,401,1,,,,,,
DLN02.4.401.170,170,DLN02,4,401,1,,,,,,
DLN02.4.401.171,171,DLN02,4,401,1,,,,,,
DLN02.4.401.172,172,DLN02,4,401,1,,,,,,
DLN02.4.401.173,173,DLN02,4,401,1,,,,,,
DLN02.4.401.174,174,DLN02,4,401,1,,,,,,
DLN02.4.401.175,175,DLN02,4,401,1,,,,,,
DLN02.4.401.176,176,DLN02,4,401,1,,,,,,
DLN02.4.401.177,177,DLN02,4,401,1,,,,,,
DLN02.4.401.178,178,DLN02,4,401,1,,,,,,
DLN02.4.401.179,179,DLN02,4,401,1,,,,,,
DLN02.4.401.180,180,DLN02,4,401,1,,,,,,
DLN02.4.401.181,181,DLN02,4,401,1,,,,,,
DLN02.4.401.182,182,DLN02,4,401,1,,,,,,
DLN02.4.401.183,183,DLN02,4,401,1,,,,,,
DLN02.4.401.184,184,DLN02,4,401,1,,,,,,
DLN02.4.401.185,185,DLN02,4,401,1,,,,,,
DLN02.4.401.186,186,DLN02,4,401,1,,,,,,
DLN02.4.401.187,187,DLN02,4,401,1,,,,,,
DLN02.4.401.188,188,DLN02,4,401,1,,,,,,
DLN02.4.401.189,189,DLN02,4,401,1,,,,,,
DLN02.4.401.190,190,DLN02,4,401,1,,,,,,
DLN02.4.401.191,191,DLN02,4,401,1,,,,,,
DLN02.4.401.192,192,DLN02,4,401,1,,,,,,
DLN02.4.401.193,193,DLN02,4,401,1,,,,,,
DLN02.4.401.194,194,DLN02,4,401,1,,,,,,
DLN02.4.401.195,195,DLN02,4,401,1,,,,,,
DLN02.4.401.196,196,DLN02,4,401,1,,,,,,
DLN02.4.401.197,197,DLN02,4,401,1,,TRUE,,,,
DLN02.4.401.198,198,DLN02,4,401,1,,,,,,
DLN02.4.401.199,199,DLN02,4,401,1,,,,,,
DLN02.4.401.200,200,DLN02,4,401,1,,,,,,
DLN02.4.401.201,201,DLN02,4,401,1,,TRUE,,,,
DLN02.4.401.202,202,DLN02,4,401,1,,,,,,
DLN02.4.401.203,203,DLN02,4,401,1,,,,,,
DLN02.4.401.204,204,DLN02,4,401,1,,,,,,
DLN02.4.401.205,205,DLN02,4,401,1,,TRUE,,,,
DLN02.4.401.206,206,DLN02,4,401,1,,,,,,
DLN02.4.401.207,207,DLN02,4,401,1,,,,,,
DLN02.4.401.208,208,DLN02,4,401,1,,,,,,
DLN02.4.401.209,209,DLN02,4,401,1,,TRUE,,,,
DLN02.4.401.210,210,DLN02,4,401,1,,,,,,
DLN02.4.401.211,211,DLN02,4,401,1,,,,,,
DLN02.4.401.212,212,DLN02,4,401,1,,,,,,
DLN02.4.401.213,213,DLN02,4,401,1,,TRUE,,,,
DLN02.4.401.214,214,DLN02,4,401,1,,,,,,
DLN02.4.401.215,215,DLN02,4,401,1,,,,,,
DLN02.4.401.216,216,DLN02,4,401,1,,,,,,
DLN02.4.401.217,217,DLN02,4,401,1,,TRUE,,,,
DLN02.4.401.218,218,DLN02,4,401,1,,,,,,
DLN02.4.401.219,219,DLN02,4,401,1,,,,,,
DLN02.4.401.220,220,DLN02,4,401,1,,,,,,
DLN02.4.401.221,221,DLN02,4,401,1,,TRUE,,,,
DLN02.4.401.222,222,DLN02,4,401,1,,,,,,
DLN02.4.401.223,223,DLN02,4,401,1,,,,,,
DLN02.4.401.224,224,DLN02,4,401,1,,,,,,
DLN02.4.401.225,225,DLN02,4,401,1,,TRUE,,,,
DLN02.4.401.226,226,DLN02,4,401,1,,,,,,
DLN02.4.401.227,227,DLN02,4,401,1,,,,,,
DLN02.4.401.228,228,DLN02,4,401,1,,,,,,
DLN02.4.401.229,229,DLN02,4,401,1,,TRUE,,,,
DLN02.4.401.230,230,DLN02,4,401,1,,,,,,
DLN02.4.401.231,231,DLN02,4,401,1,,,,,,
DLN02.4.401.232,232,DLN02,4,401,1,,,,,,
DLN02.4.401.233,233,DLN02,4,401,1,,TRUE,,,,
DLN02.4.401.234,234,DLN02,4,401,1,,,,,,
DLN02.4.401.235,235,DLN02,4,401,1,,,,,,
DLN02.4.401.236,236,DLN02,4,401,1,,,,,,
DLN02.4.401.237,237,DLN02,4,401,1,,TRUE,,,,
DLN02.4.401.238,238,DLN02,4,401,1,,,,,,
DLN02.4.401.239,239,DLN02,4,401,1,,,,,,
DLN02.4.401.240,240,DLN02,4,401,1,,,,,,
DLN02.4.401.241,241,DLN02,4,401,1,,TRUE,,,,
DLN02.4.401.242,242,DLN02,4,401,1,,,,,,
DLN02.4.401.243,243,DLN02,4,401,1,,,,,,
DLN02.4.401.244,244,DLN02,4,401,1,,,,,,
DLN02.4.401.245,245,DLN02,4,401,1,,TRUE,,,,
DLN02.4.401.246,246,DLN02,4,401,1,,,,,,
DLN02.4.401.247,247,DLN02,4,401,1,,,,,,
DLN02.4.401.248,248,DLN02,4,401,1,,,,,,
DLN02.4.401.249,249,DLN02,4,401,1,,TRUE,,,,
DLN02.4.401.250,250,DLN02,4,401,1,,,,,,
DLN02.4.401.251,251,DLN02,4,401,1,,,,,,
DLN02.4.401.252,252,DLN02,4,401,1,,,,,,
DLN02.4.401.253,253,DLN02,4,401,1,,TRUE,,,,
DLN02.4.401.254,254,DLN02,4,401,1,,,,,,
DLN02.4.401.255,255,DLN02,4,401,1,,,,,,
DLN02.4.401.256,256,DLN02,4,401,1,,,,,,
DLN02.4.401.257,257,DLN02,4,401,1,,TRUE,,,,
DLN02.4.401.258,258,DLN02,4,401,1,,,,,,
DLN02.4.401.259,259,DLN02,4,401,1,,,,,,
DLN02.4.401.260,260,DLN02,4,401,1,,,,,,
DLN02.4.401.261,261,DLN02,4,401,1,,TRUE,,,,
DLN02.4.401.262,262,DLN02,4,401,1,,,,,,
DLN02.4.401.263,263,DLN02,4,401,1,,,,,,
DLN02.4.401.264,264,DLN02,4,401,1,,,,,,
DLN02.4.401.265,265,DLN02,4,401,1,,TRUE,,,,
DLN02.4.401.266,266,DLN02,4,401,1,,,,,,
DLN02.4.401.267,267,DLN02,4,401,1,,,,,,
DLN02.4.401.268,268,DLN02,4,401,1,,,,,,
DLN02.4.401.269,269,DLN02,4,401,1,,TRUE,,,,
DLN02.4.401.270,270,DLN02,4,401,1,,,,,,
DLN02.4.401.271,271,DLN02,4,401,1,,,,,,
DLN02.4.401.272,272,DLN02,4,401,1,,,,,,
DLN02.4.401.273,273,DLN02,4,401,1,,TRUE,,,,
DLN02.4.401.274,274,DLN02,4,401,1,,,,,,
DLN02.4.401.275,275,DLN02,4,401,1,,,,,,
DLN02.4.401.276,276,DLN02,4,401,1,,,,,,
DLN02.4.401.277,277,DLN02,4,401,1,,TRUE,,,,
DLN02.4.401.278,278,DLN02,4,401,1,,,,,,
DLN02.4.401.279,279,DLN02,4,401,1,,,,,,
DLN02.4.401.280,280,DLN02,4,401,1,,,,,,
DLN02.4.401.281,281,DLN02,4,401,1,,TRUE,,,,
DLN02.4.401.282,282,DLN02,4,401,1,,,,,,
DLN02.4.401.283,283,DLN02,4,401,1,,,,,,
DLN02.4.401.284,284,DLN02,4,401,1,,,,,,
DLN02.4.401.285,285,DLN02,4,401,1,,TRUE,,,,
DLN02.4.401.286,286,DLN02,4,401,1,,,,,,
DLN02.4.401.287,287,DLN02,4,401,1,,,,,,
DLN02.4.401.288,288,DLN02,4,401,1,,,,,,
DLN02.4.401.289,289,DLN02,4,401,1,,TRUE,,,,
DLN02.4.401.290,290,DLN02,4,401,1,,,,,,
DLN02.4.401.291,291,DLN02,4,401,1,,,,,,
DLN02.4.401.292,292,DLN02,4,401,1,,,,,,
DLN02.4.401.293,293,DLN02,4,401,1,,TRUE,,,,
DLN02.4.401.294,294,DLN02,4,401,1,,,,,,
DLN02.4.401.295,295,DLN02,4,401,1,,,,,,
DLN02.4.401.296,296,DLN02,4,401,1,,,,,,
DLN02.4.401.297,297,DLN02,4,401,1,,TRUE,,,,
DLN02.4.401.298,298,DLN02,4,401,1,,,,,,
DLN02.4.401.299,299,DLN02,4,401,1,,,,,,
DLN02.4.401.300,300,DLN02,4,401,1,,,,,,
DLN02.4.401.301,301,DLN02,4,401,1,,TRUE,,,,
DLN02.4.401.302,302,DLN02,4,401,1,,,,,,
DLN02.4.401.303,303,DLN02,4,401,1,,,,,,
DLN02.4.401.304,304,DLN02,4,401,1,,,,,,
DLN02.4.401.305,305,DLN02,4,401,1,,TRUE,,,,
DLN02.4.401.306,306,DLN02,4,401,1,,,,,,
DLN02.4.401.307,307,DLN02,4,401,1,,,,,,
DLN02.4.401.308,308,DLN02,4,401,1,,,,,,
DLN02.4.401.309,309,DLN02,4,401,1,,TRUE,,,,
DLN02.4.401.310,310,DLN02,4,401,1,,,,,,
DLN02.4.401.311,311,DLN02,4,401,1,,,,,,
DLN02.4.401.312,312,DLN02,4,401,1,,,,,,
DLN02.4.401.313,313,DLN02,4,401,1,,TRUE,,,,
DLN02.4.401.314,314,DLN02,4,401,1,,,,,,
DLN02.4.401.315,315,DLN02,4,401,1,,,,,,
DLN02.4.401.316,316,DLN02,4,401,1,,,,,,
DLN02.4.401.317,317,DLN02,4,401,1,,TRUE,,,,
DLN02.4.401.318,318,DLN02,4,401,1,,,,,,
DLN02.4.401.319,319,DLN02,4,401,1,,,,,,
DLN02.4.401.320,320,DLN02,4,401,1,,,,,,
DLN02.4.401.321,321,DLN02,4,401,1,,TRUE,,,,
DLN02.4.401.322,322,DLN02,4,401,1,,,,,,
DLN02.4.401.323,323,DLN02,4,401,1,,,,,,
DLN02.4.401.324,324,DLN02,4,401,1,,,,,,
DLN02.4.401.325,325,DLN02,4,401,1,,TRUE,,,,
DLN02.4.401.326,326,DLN02,4,401,1,,,,,,
DLN02.4.401.327,327,DLN02,4,401,1,,,,,,
DLN02.4.401.328,328,DLN02,4,401,1,,,,,,
DLN02.4.401.329,329,DLN02,4,401,1,,TRUE,,,,
DLN02.4.401.330,330,DLN02,4,401,1,,,,,,
DLN02.4.401.331,331,DLN02,4,401,1,,,,,,
DLN02.4.401.332,332,DLN02,4,401,1,,,,,,
DLN02.4.401.333,333,DLN02,4,401,1,,TRUE,,,,
DLN02.4.401.334,334,DLN02,4,401,1,,,,,,
DLN02.4.401.335,335,DLN02,4,401,1,,,,,,
DLN02.4.401.336,336,DLN02,4,401,1,,,,,,
DLN02.4.401.337,337,DLN02,4,401,1,,TRUE,,,,
DLN02.4.401.338,338,DLN02,4,401,1,,,,,,
DLN02.4.401.339,339,DLN02,4,401,1,,,,,,
DLN02.4.401.340,340,DLN02,4,401,1,,,,,,
DLN02.4.401.341,341,DLN02,4,401,1,,TRUE,,,,
DLN02.4.401.342,342,DLN02,4,401,1,,,,,,
DLN02.4.401.343,343,DLN02,4,401,1,,,,,,
DLN02.4.401.344,344,DLN02,4,401,1,,,,,,
DLN02.4.401.345,345,DLN02,4,401,1,,TRUE,,,,
DLN02.4.401.346,346,DLN02,4,401,1,,,,,,
DLN02.4.401.347,347,DLN02,4,401,1,,,,,,
DLN02.4.401.348,348,DLN02,4,401,1,,TRUE,,,,
DLN02.4.401.349,349,DLN02,4,401,1,,,,,,
DLN02.4.401.350,350,DLN02,4,401,1,,,,,,
DLN02.4.401.351,351,DLN02,4,401,1,,,,,,
DLN02.4.401.352,352,DLN02,4,401,1,,,,,,
DLN02.4.401.353,353,DLN02,4,401,1,,TRUE,,,,
DLN02.5.502.001,1,DLN02,5,502,1,,,,,,
DLN02.5.502.002,2,DLN02,5,502,1,,,,,,
DLN02.5.502.003,3,DLN02,5,502,1,,TRUE,,,,
DLN02.5.502.004,4,DLN02,5,502,1,,,,,,
DLN02.5.502.005,5,DLN02,5,502,1,,,,,,
DLN02.5.502.006,6,DLN02,5,502,1,,TRUE,,,,
DLN02.5.502.007,7,DLN02,5,502,1,,,,,,
DLN02.5.502.008,8,DLN02,5,502,1,,,,,,
DLN02.5.502.009,9,DLN02,5,502,1,,TRUE,,,,
DLN02.5.502.010,10,DLN02,5,502,1,,,,,,
DLN02.5.502.011,11,DLN02,5,502,1,,,,,,
DLN02.5.502.012,12,DLN02,5,502,1,,TRUE,,,,
DLN02.5.502.013,13,DLN02,5,502,1,,,,,,
DLN02.5.502.014,14,DLN02,5,502,1,,,,,,
DLN02.5.502.015,15,DLN02,5,502,1,,TRUE,,,,
DLN02.5.502.016,16,DLN02,5,502,1,,,,,,
DLN02.5.502.017,17,DLN02,5,502,1,,,,,,
DLN02.5.502.018,18,DLN02,5,502,1,,TRUE,,,,
DLN02.5.502.019,19,DLN02,5,502,1,,,,,,
DLN02.5.502.020,20,DLN02,5,502,1,,,,,,
DLN02.5.502.021,21,DLN02,5,502,1,,TRUE,,,,
DLN02.5.502.022,22,DLN02,5,502,1,,,,,,
DLN02.5.502.023,23,DLN02,5,502,1,,,,,,
DLN02.5.502.024,24,DLN02,5,502,1,,TRUE,,,,
DLN02.5.502.025,25,DLN02,5,502,1,,,,,,
DLN02.5.502.026,26,DLN02,5,502,1,,,,,,
DLN02.5.502.027,27,DLN02,5,502,1,,TRUE,,,,
DLN02.5.502.028,28,DLN02,5,502,1,,,,,,
DLN02.5.502.029,29,DLN02,5,502,1,,,,,,
DLN02.5.502.030,30,DLN02,5,502,1,,TRUE,,,,
DLN02.5.502.031,31,DLN02,5,502,1,,TRUE,,,,
DLN02.5.502.032,32,DLN02,5,502,1,,TRUE,,,,
DLN02.5.502.033,33,DLN02,5,502,1,,TRUE,,,,
DLN02.5.502.034,34,DLN02,5,502,1,,,,,,
DLN02.5.502.035,35,DLN02,5,502,1,,,,,,
DLN02.5.502.036,36,DLN02,5,502,1,,TRUE,,,,
DLN02.5.502.037,37,DLN02,5,502,1,,,,,,
DLN02.5.502.038,38,DLN02,5,502,1,,,,,,
DLN02.5.502.039,39,DLN02,5,502,1,,TRUE,,,,
DLN02.5.502.040,40,DLN02,5,502,1,,,,,,
DLN02.5.502.041,41,DLN02,5,502,1,,,,,,
DLN02.5.502.042,42,DLN02,5,502,1,,TRUE,,,,
DLN02.5.502.043,43,DLN02,5,502,1,,,,,,
DLN02.5.502.044,44,DLN02,5,502,1,,,,,,
DLN02.5.502.045,45,DLN02,5,502,1,,TRUE,,,,
DLN02.5.502.046,46,DLN02,5,502,1,,,,,,
DLN02.5.502.047,47,DLN02,5,502,1,,,,,,
DLN02.5.502.048,48,DLN02,5,502,1,,TRUE,,,,
DLN02.5.502.049,49,DLN02,5,502,1,,,,,,
DLN02.5.502.050,50,DLN02,5,502,1,,,,,,
DLN02.5.502.051,51,DLN02,5,502,1,,TRUE,,,,
DLN02.5.502.052,52,DLN02,5,502,1,,,,,,
DLN02.5.502.053,53,DLN02,5,502,1,,,,,,
DLN02.5.502.054,54,DLN02,5,502,1,,TRUE,,,,
DLN02.5.502.055,55,DLN02,5,502,1,,,,,,
DLN02.5.502.056,56,DLN02,5,502,1,,,,,,
DLN02.5.502.057,57,DLN02,5,502,1,,TRUE,,,,
DLN02.5.502.058,58,DLN02,5,502,1,,,,,,
DLN02.5.502.059,59,DLN02,5,502,1,,,,,,
DLN02.5.502.060,60,DLN02,5,502,1,,TRUE,,,,
DLN02.5.502.061,61,DLN02,5,502,1,,,,,,
DLN02.5.502.062,62,DLN02,5,502,1,,,,,,
DLN02.5.502.063,63,DLN02,5,502,1,,TRUE,,,,
DLN02.5.502.064,64,DLN02,5,502,1,,,,,,
DLN02.5.502.065,65,DLN02,5,502,1,,,,,,
DLN02.5.502.066,66,DLN02,5,502,1,,TRUE,,,,
DLN02.5.502.067,67,DLN02,5,502,1,,TRUE,,,,
DLN02.5.502.068,68,DLN02,5,502,1,,TRUE,,,,
DLN02.5.502.069,69,DLN02,5,502,1,,TRUE,,,,
DLN02.5.502.070,70,DLN02,5,502,1,,,,,,
DLN02.5.502.071,71,DLN02,5,502,1,,,,,,
DLN02.5.502.072,72,DLN02,5,502,1,,TRUE,,,,
DLN02.5.502.073,73,DLN02,5,502,1,,,,,,
DLN02.5.502.074,74,DLN02,5,502,1,,,,,,
DLN02.5.502.075,75,DLN02,5,502,1,,TRUE,,,,
DLN02.5.502.076,76,DLN02,5,502,1,,,,,,
DLN02.5.502.077,77,DLN02,5,502,1,,,,,,
DLN02.5.502.078,78,DLN02,5,502,1,,TRUE,,,,
DLN02.5.502.079,79,DLN02,5,502,1,,,,,,
DLN02.5.502.080,80,DLN02,5,502,1,,,,,,
DLN02.5.502.081,81,DLN02,5,502,1,,TRUE,,,,
DLN02.5.502.082,82,DLN02,5,502,1,,,,,,
DLN02.5.502.083,83,DLN02,5,502,1,,,,,,
DLN02.5.502.084,84,DLN02,5,502,1,,TRUE,,,,
DLN02.5.502.085,85,DLN02,5,502,1,,,,,,
DLN02.5.502.086,86,DLN02,5,502,1,,,,,,
DLN02.5.502.087,87,DLN02,5,502,1,,TRUE,,,,
DLN02.5.502.088,88,DLN02,5,502,1,,,,,,
DLN02.5.502.089,89,DLN02,5,502,1,,,,,,
DLN02.5.502.090,90,DLN02,5,502,1,,TRUE,,,,
DLN02.5.502.091,91,DLN02,5,502,1,,,,,,
DLN02.5.502.092,92,DLN02,5,502,1,,,,,,
DLN02.5.502.093,93,DLN02,5,502,1,,TRUE,,,,
DLN02.5.502.094,94,DLN02,5,502,1,,,,,,
DLN02.5.502.095,95,DLN02,5,502,1,,,,,,
DLN02.5.502.096,96,DLN02,5,502,1,,TRUE,,,,
DLN02.5.502.097,97,DLN02,5,502,1,,,,,,
DLN02.5.502.098,98,DLN02,5,502,1,,,,,,
DLN02.5.502.099,99,DLN02,5,502,1,,TRUE,,,,
DLN02.5.502.100,100,DLN02,5,502,1,,,,,,
DLN02.5.502.101,101,DLN02,5,502,1,,,,,,
DLN02.5.502.102,102,DLN02,5,502,1,,TRUE,,,,
DLN02.5.502.103,103,DLN02,5,502,1,,,,,,
DLN02.5.502.104,104,DLN02,5,502,1,,,,,,
DLN02.5.502.105,105,DLN02,5,502,1,,TRUE,,,,
DLN02.5.502.106,106,DLN02,5,502,1,,,TRUE,,,
DLN02.5.502.107,107,DLN02,5,502,1,,,TRUE,,,
DLN02.5.502.108,108,DLN02,5,502,1,,TRUE,TRUE,,,
DLN02.5.502.109,109,DLN02,5,502,1,,,TRUE,,,
DLN02.5.502.110,110,DLN02,5,502,1,,,TRUE,,,
DLN02.5.502.111,111,DLN02,5,502,1,,TRUE,TRUE,,,
DLN02.5.502.112,112,DLN02,5,502,1,,,TRUE,,,
DLN02.5.502.113,113,DLN02,5,502,1,,,TRUE,,,
DLN02.5.502.114,114,DLN02,5,502,1,,TRUE,TRUE,,,
DLN02.5.502.115,115,DLN02,5,502,1,,,TRUE,,,
DLN02.5.502.116,116,DLN02,5,502,1,,,TRUE,,,
DLN02.5.502.117,117,DLN02,5,502,1,,TRUE,TRUE,,,
DLN02.5.502.118,118,DLN02,5,502,1,,,TRUE,,,
DLN02.5.502.119,119,DLN02,5,502,1,,,TRUE,,,
DLN02.5.502.120,120,DLN02,5,502,1,,TRUE,TRUE,,,
DLN02.5.502.121,121,DLN02,5,502,1,,,TRUE,,,
DLN02.5.502.122,122,DLN02,5,502,1,,,,,,
DLN02.5.502.123,123,DLN02,5,502,1,,TRUE,,,,
DLN02.5.502.124,124,DLN02,5,502,1,,,,TRUE,,
DLN02.5.502.125,125,DLN02,5,502,1,,,,TRUE,,
DLN02.5.502.126,126,DLN02,5,502,1,,TRUE,,TRUE,,
DLN02.5.502.127,127,DLN02,5,502,1,,,,TRUE,,
DLN02.5.502.128,128,DLN02,5,502,1,,,,TRUE,,
DLN02.5.502.129,129,DLN02,5,502,1,,TRUE,,TRUE,,
DLN02.5.502.130,130,DLN02,5,502,1,,,,TRUE,,
DLN02.5.502.131,131,DLN02,5,502,1,,,,TRUE,,
DLN02.5.502.132,132,DLN02,5,502,1,,TRUE,,TRUE,,
DLN03.5..001,1,DLN03,5,,1,,TRUE,,,,
DLN03.5..002,2,DLN03,5,,1,,,,,,
DLN03.5..003,3,DLN03,5,,1,,,,,,
DLN03.5..004,4,DLN03,5,,1,,,,,,
DLN03.5..005,5,DLN03,5,,1,,,,,,
DLN03.5..006,6,DLN03,5,,1,,TRUE,,,,
DLN03.5..007,7,DLN03,5,,1,,TRUE,,,,
DLN03.5..008,8,DLN03,5,,1,,,,,,
DLN03.5..009,9,DLN03,5,,1,,,,,,
DLN03.5..010,10,DLN03,5,,1,,,,,,
DLN03.5..011,11,DLN03,5,,1,,,,,,
DLN03.5..012,12,DLN03,5,,1,,TRUE,,,,
DLN03.5..013,13,DLN03,5,,1,,TRUE,,,,
DLN03.5..014,14,DLN03,5,,1,,,,,,
DLN03.5..015,15,DLN03,5,,1,,,,,,
DLN03.5..016,16,DLN03,5,,1,,,,,,
DLN03.5..017,17,DLN03,5,,1,,,,,,
DLN03.5..018,18,DLN03,5,,1,,TRUE,,,,
DLN03.5..019,19,DLN03,5,,1,,TRUE,,,,
DLN03.5..020,20,DLN03,5,,1,,,,,,
DLN03.5..021,21,DLN03,5,,1,,,,,,
DLN03.5..022,22,DLN03,5,,1,,,,,,
DLN03.5..023,23,DLN03,5,,1,,,,,,
DLN03.5..024,24,DLN03,5,,1,,TRUE,,,,
DLN03.5..025,25,DLN03,5,,1,,TRUE,,,,
DLN03.5..026,26,DLN03,5,,1,,,,,,
DLN03.5..027,27,DLN03,5,,1,,,,,,
DLN03.5..028,28,DLN03,5,,1,,,,,,
DLN03.5..029,29,DLN03,5,,1,,,,,,
DLN03.5..030,30,DLN03,5,,1,,TRUE,,,,
DLN03.5..031,31,DLN03,5,,1,,TRUE,,,,
DLN03.5..032,32,DLN03,5,,1,,,,,,
DLN03.5..033,33,DLN03,5,,1,,,,,,
DLN03.5..034,34,DLN03,5,,1,,,,,,
DLN03.5..035,35,DLN03,5,,1,,,,,,
DLN03.5..036,36,DLN03,5,,1,,TRUE,,,,
DLN03.5..037,37,DLN03,5,,1,,TRUE,,,,
DLN03.5..038,38,DLN03,5,,1,,,,,,
DLN03.5..039,39,DLN03,5,,1,,,,,,
DLN03.5..040,40,DLN03,5,,1,,,,,,
DLN03.5..041,41,DLN03,5,,1,,,,,,
DLN03.5..042,42,DLN03,5,,1,,TRUE,,,,
DLN03.5..043,43,DLN03,5,,1,,,,,,
DLN03.5..044,44,DLN03,5,,1,,,,,,
DLN03.5..045,45,DLN03,5,,1,,,,,,
DLN03.5..046,46,DLN03,5,,1,,TRUE,,,,
DLN03.5..047,47,DLN03,5,,1,,TRUE,,,,
DLN03.5..048,48,DLN03,5,,1,,,,,,
DLN03.5..049,49,DLN03,5,,1,,,,,,
DLN03.5..050,50,DLN03,5,,1,,,,,,
DLN03.5..051,51,DLN03,5,,1,,,,,,
DLN03.5..052,52,DLN03,5,,1,,,,,,
DLN03.5..053,53,DLN03,5,,1,,,,,,
DLN03.5..054,54,DLN03,5,,1,,TRUE,,,,
DLN03.5..055,55,DLN03,5,,1,,TRUE,,,,
DLN03.5..056,56,DLN03,5,,1,,,,,,
DLN03.5..057,57,DLN03,5,,1,,,,,,
DLN03.5..058,58,DLN03,5,,1,,,,,,
DLN03.5..059,59,DLN03,5,,1,,,,,,
DLN03.5..060,60,DLN03,5,,1,,,,,,
DLN03.5..061,61,DLN03,5,,1,,,TRUE,,,
DLN03.5..062,62,DLN03,5,,1,,TRUE,TRUE,,,
DLN03.5..063,63,DLN03,5,,1,,TRUE,TRUE,,,
DLN03.5..064,64,DLN03,5,,1,,,TRUE,,,
DLN03.5..065,65,DLN03,5,,1,,,TRUE,,,
DLN03.5..066,66,DLN03,5,,1,,,TRUE,,,
DLN03.5..067,67,DLN03,5,,1,,,TRUE,,,
DLN03.5..068,68,DLN03,5,,1,,TRUE,TRUE,,,
DLN03.5..069,69,DLN03,5,,1,,TRUE,TRUE,,,
DLN03.5..070,70,DLN03,5,,1,,,TRUE,,,
DLN03.5..071,71,DLN03,5,,1,,,TRUE,,,
DLN03.5..072,72,DLN03,5,,1,,,TRUE,,,
DLN03.5..073,73,DLN03,5,,1,,,TRUE,,,
DLN03.5..074,74,DLN03,5,,1,,TRUE,TRUE,,,
DLN03.5..075,75,DLN03,5,,1,,TRUE,TRUE,,,
DLN03.5..076,76,DLN03,5,,1,,,TRUE,,,
DLN03.5..077,77,DLN03,5,,1,,,TRUE,,,
DLN03.5..078,78,DLN03,5,,1,,,,,,
DLN03.5..079,79,DLN03,5,,1,,,TRUE,,,
DLN03.5..080,80,DLN03,5,,1,,,TRUE,,,
DLN03.5..081,81,DLN03,5,,1,,,TRUE,,,
DLN03.5..082,82,DLN03,5,,1,,TRUE,TRUE,,,
DLN03.5..083,83,DLN03,5,,1,,TRUE,TRUE,,,
DLN03.5..084,84,DLN03,5,,1,,,TRUE,,,
DLN03.5..085,85,DLN03,5,,1,,,TRUE,,,
DLN03.5..086,86,DLN03,5,,1,,,TRUE,,,
DLN03.5..087,87,DLN03,5,,1,,,TRUE,,,
DLN03.5..088,88,DLN03,5,,1,,,TRUE,,,
DLN03.5..089,89,DLN03,5,,1,,,TRUE,,,
DLN03.5..090,90,DLN03,5,,1,,TRUE,TRUE,,,
DLN03.5..091,91,DLN03,5,,1,,,TRUE,,,
DLN03.5..092,92,DLN03,5,,1,,,TRUE,,,
DLN03.5..093,93,DLN03,5,,1,,TRUE,TRUE,,,
DLN03.5..094,94,DLN03,5,,1,,,TRUE,,,
DLN03.5..095,95,DLN03,5,,1,,,TRUE,,,
DLN03.5..096,96,DLN03,5,,1,,TRUE,TRUE,,,
DLN03.5..097,97,DLN03,5,,1,,TRUE,TRUE,,,
DLN03.5..098,98,DLN03,5,,1,,,TRUE,,,
DLN03.5..099,99,DLN03,5,,1,,,TRUE,,,
DLN03.5..100,100,DLN03,5,,1,,,TRUE,,,
DLN03.5..101,101,DLN03,5,,1,,,,,,
DLN03.5..102,102,DLN03,5,,1,,,,,,
DLN03.5..103,103,DLN03,5,,1,,,,,,
DLN03.5..104,104,DLN03,5,,1,,TRUE,,,,
DLN03.5..105,105,DLN03,5,,1,,TRUE,,,,
DLN03.5..106,106,DLN03,5,,1,,,,,,
DLN03.5..107,107,DLN03,5,,1,,,,,,
DLN03.5..108,108,DLN03,5,,1,,,,,,
DLN03.5..109,109,DLN03,5,,1,,,,TRUE,,
DLN03.5..110,110,DLN03,5,,1,,,,TRUE,,
DLN03.5..111,111,DLN03,5,,1,,,,TRUE,,
DLN03.5..112,112,DLN03,5,,1,,TRUE,,TRUE,,
DLN03.5..113,113,DLN03,5,,1,,TRUE,,TRUE,,
DLN03.5..114,114,DLN03,5,,1,,,,TRUE,,
DLN03.5..115,115,DLN03,5,,1,,,,TRUE,,
DLN03.5..116,116,DLN03,5,,1,,,,TRUE,,
DLN03.5..117,117,DLN03,5,,1,,,,TRUE,,
DLN03.5..118,118,DLN03,5,,1,,,,TRUE,,
DLN03.5..119,119,DLN03,5,,1,,,,TRUE,,
DLN03.5..120,120,DLN03,5,,1,,TRUE,,TRUE,,
DLN03.5..121,121,DLN03,5,,1,,TRUE,,,,
DLN03.5..122,122,DLN03,5,,1,,,,,,
DLN03.5..123,123,DLN03,5,,1,,,,,,
DLN03.5..124,124,DLN03,5,,1,,,,,,
DLN03.5..125,125,DLN03,5,,1,,,,,,
DLN03.5..126,126,DLN03,5,,1,,,,,,
DLN03.5..127,127,DLN03,5,,1,,,,,,
DLN03.5..128,128,DLN03,5,,1,,TRUE,,,,
DLN03.5..129,129,DLN03,5,,1,,,,,,
DLN03.5..130,130,DLN03,5,,1,,,,,,
DLN03.5..131,131,DLN03,5,,1,,,,,,
DLN03.5..132,132,DLN03,5,,1,,TRUE,,,,
DLN03.5..133,133,DLN03,5,,1,,,,,,
DLN03.5..134,134,DLN03,5,,1,,,,,,
DLN03.5..135,135,DLN03,5,,1,,,,,,
DLN03.5..136,136,DLN03,5,,1,,TRUE,,,,
DLN03.5..137,137,DLN03,5,,1,,TRUE,,,,
DLN03.5..138,138,DLN03,5,,1,,,,,,
DLN03.5..139,139,DLN03,5,,1,,,,,,
DLN03.5..140,140,DLN03,5,,1,,,,,,
DLN03.5..141,141,DLN03,5,,1,,,,,,
DLN03.5..142,142,DLN03,5,,1,,,,,,
DLN03.5..143,143,DLN03,5,,1,,,,,,
DLN03.5..144,144,DLN03,5,,1,,TRUE,,,,
DLN03.5..145,145,DLN03,5,,1,,TRUE,,,,
DLN03.5..146,146,DLN03,5,,1,,,,,,
DLN03.5..147,147,DLN03,5,,1,,,,,,
DLN03.5..148,148,DLN03,5,,1,,,,,,
DLN03.5..149,149,DLN03,5,,1,,,,,,
DLN03.5..150,150,DLN03,5,,1,,,,,,
DLN03.5..151,151,DLN03,5,,1,,,,,,
DLN03.5..152,152,DLN03,5,,1,,TRUE,,,,
DLN03.5..153,153,DLN03,5,,1,,TRUE,,,,
DLN03.5..154,154,DLN03,5,,1,,,,,,
DLN03.5..155,155,DLN03,5,,1,,,,,,
DLN03.5..156,156,DLN03,5,,1,,,,,,
DLN03.5..157,157,DLN03,5,,1,,,,,,
DLN03.5..158,158,DLN03,5,,1,,,,,,
DLN03.5..159,159,DLN03,5,,1,,,,,,
DLN03.5..160,160,DLN03,5,,1,,TRUE,,,,
DLN03.5..161,161,DLN03,5,,1,,TRUE,,,,
DLN03.5..162,162,DLN03,5,,1,,,,,,
DLN03.5..163,163,DLN03,5,,1,,,,,,
DLN03.5..164,164,DLN03,5,,1,,,,,,
DLN03.5..165,165,DLN03,5,,1,,,,,,
DLN03.5..166,166,DLN03,5,,1,,TRUE,,,,
DLN03.5..167,167,DLN03,5,,1,,TRUE,,,,
DLN03.5..168,168,DLN03,5,,1,,,,,,
DLN03.5..169,169,DLN03,5,,1,,,,,,
DLN03.5..170,170,DLN03,5,,1,,,,,,
DLN03.5..171,171,DLN03,5,,1,,,,,,
DLN03.5..172,172,DLN03,5,,1,,,,,,
DLN03.5..173,173,DLN03,5,,1,,,,,,
DLN03.5..174,174,DLN03,5,,1,,TRUE,,,,
DLN03.5..175,175,DLN03,5,,1,,TRUE,,,,
DLN03.5..176,176,DLN03,5,,1,,,,,,
DLN03.5..177,177,DLN03,5,,1,,,,,,
DLN03.5..178,178,DLN03,5,,1,,,,,,
DLN03.5..179,179,DLN03,5,,1,,,,,,
DLN03.5..180,180,DLN03,5,,1,,,,,,
DLN03.5..181,181,DLN03,5,,1,,,,,,
DLN03.5..182,182,DLN03,5,,1,,TRUE,,,,
DLN03.5..183,183,DLN03,5,,1,,TRUE,,,,
DLN03.5..184,184,DLN03,5,,1,,,,,,
DLN03.5..185,185,DLN03,5,,1,,,,,,
DLN03.5..186,186,DLN03,5,,1,,,,,,
DLN03.5..187,187,DLN03,5,,1,,,,,,
DLN03.5..188,188,DLN03,5,,1,,,,,,
DLN03.5..189,189,DLN03,5,,1,,,,,,
DLN03.5..190,190,DLN03,5,,1,,TRUE,,,,
DLN03.5..191,191,DLN03,5,,1,,TRUE,,,,
DLN03.5..192,192,DLN03,5,,1,,,,,,
DLN03.5..193,193,DLN03,5,,1,,,,,,
DLN03.5..194,194,DLN03,5,,1,,,,,,
DLN03.5..195,195,DLN03,5,,1,,,,,,
DLN03.5..196,196,DLN03,5,,1,,TRUE,,,,
DLN03.5..197,197,DLN03,5,,1,,TRUE,,,,
DLN03.5..198,198,DLN03,5,,1,,,,,,
DLN03.5..199,199,DLN03,5,,1,,,,,,
DLN03.5..200,200,DLN03,5,,1,,,,,,
DLN03.5..201,201,DLN03,5,,1,,,,,,
DLN03.5..202,202,DLN03,5,,1,,TRUE,,,,
DLN03.5..203,203,DLN03,5,,1,,TRUE,,,,
DLN03.5..204,204,DLN03,5,,1,,,,,,
DLN03.5..205,205,DLN03,5,,1,,,,,,
DLN03.5..206,206,DLN03,5,,1,,,,,,
DLN03.5..207,207,DLN03,5,,1,,,,,,
DLN03.5..208,208,DLN03,5,,1,,TRUE,,,,
DLN03.5..209,209,DLN03,5,,1,,,,,,
DLN03.5..210,210,DLN03,5,,1,,,,,,
DLN03.5..211,211,DLN03,5,,1,,,,,,
DLN03.5..212,212,DLN03,5,,1,,,,,,
DLN03.5..213,213,DLN03,5,,1,,,,,,
DLN03.5..214,214,DLN03,5,,1,,,,,,
DLN03.5..215,215,DLN03,5,,1,,,,,,
DLN03.5..216,216,DLN03,5,,1,,TRUE,,,,
DLN03.5..217,217,DLN03,5,,1,,TRUE,,,,
DLN03.5..218,218,DLN03,5,,1,,,,,,
DLN03.5..219,219,DLN03,5,,1,,,,,,
DLN03.5..220,220,DLN03,5,,1,,,,,,
DLN03.5..221,221,DLN03,5,,1,,,,,,
DLN03.5..222,222,DLN03,5,,1,,,,,,
DLN03.5..223,223,DLN03,5,,1,,,,,,
DLN03.5..224,224,DLN03,5,,1,,TRUE,,,,
DLN03.5..225,225,DLN03,5,,1,,TRUE,,,,
DLN03.5..226,226,DLN03,5,,1,,,,,,
DLN03.5..227,227,DLN03,5,,1,,,,,,
DLN03.5..228,228,DLN03,5,,1,,,,,,
DLN03.5..229,229,DLN03,5,,1,,,,,,
DLN03.5..230,230,DLN03,5,,1,,,,,,
DLN03.5..231,231,DLN03,5,,1,,,,,,
DLN03.5..232,232,DLN03,5,,1,,TRUE,,,,
DLN03.5..233,233,DLN03,5,,1,,TRUE,,,,
DLN03.5..234,234,DLN03,5,,1,,,,,,
DLN03.5..235,235,DLN03,5,,1,,,,,,
DLN03.5..236,236,DLN03,5,,1,,,,,,
DLN03.5..237,237,DLN03,5,,1,,,,,,
DLN03.5..238,238,DLN03,5,,1,,,,,,
DLN03.5..239,239,DLN03,5,,1,,,,,,
DLN03.5..240,240,DLN03,5,,1,,TRUE,,,,
DLN03.5..241,241,DLN03,5,,1,,TRUE,,,,
DLN03.5..242,242,DLN03,5,,1,,,,,,
DLN03.5..243,243,DLN03,5,,1,,,,,,
DLN03.5..244,244,DLN03,5,,1,,,,,,
DLN03.5..245,245,DLN03,5,,1,,,,,,
DLN03.5..246,246,DLN03,5,,1,,,,,,
DLN03.5..247,247,DLN03,5,,1,,,,,,
DLN03.5..248,248,DLN03,5,,1,,TRUE,,,,
DLN03.5..249,249,DLN03,5,,1,,TRUE,,,,
DLN03.5..250,250,DLN03,5,,1,,,,,,
DLN03.5..251,251,DLN03,5,,1,,,,,,
DLN03.5..252,252,DLN03,5,,1,,,,,,
DLN03.5..253,253,DLN03,5,,1,,,,,,
DLN03.5..254,254,DLN03,5,,1,,,,,,
DLN03.5..255,255,DLN03,5,,1,,,,,,
DLN03.5..256,256,DLN03,5,,1,,TRUE,,,,
DLN03.5..257,257,DLN03,5,,1,,TRUE,,,,
DLN03.5..258,258,DLN03,5,,1,,,,,,
DLN03.5..259,259,DLN03,5,,1,,,,,,
DLN03.5..260,260,DLN03,5,,1,,,,,,
DLN03.5..261,261,DLN03,5,,1,,,,,,
DLN03.5..262,262,DLN03,5,,1,,,,,,
DLN03.5..263,263,DLN03,5,,1,,,,,,
DLN03.5..264,264,DLN03,5,,1,,TRUE,,,,
DLN03.5..265,265,DLN03,5,,1,,TRUE,,,,
DLN03.5..266,266,DLN03,5,,1,,,,,,
DLN03.5..267,267,DLN03,5,,1,,,,,,
DLN03.5..268,268,DLN03,5,,1,,,,,,
DLN03.5..269,269,DLN03,5,,1,,,,,,
DLN03.5..270,270,DLN03,5,,1,,TRUE,,,,
DLN03.5..271,271,DLN03,5,,1,,TRUE,,,,
DLN03.5..272,272,DLN03,5,,1,,,,,,
DLN03.5..273,273,DLN03,5,,1,,,,,,
DLN03.5..274,274,DLN03,5,,1,,,,,,
DLN03.5..275,275,DLN03,5,,1,,,,,,
DLN03.5..276,276,DLN03,5,,1,,TRUE,,,,
DLN03.5..277,277,DLN03,5,,1,,TRUE,,,,
DLN03.5..278,278,DLN03,5,,1,,,,,,
DLN03.5..279,279,DLN03,5,,1,,,,,,
DLN03.5..280,280,DLN03,5,,1,,,,,,
DLN03.5..281,281,DLN03,5,,1,,,,,,
DLN03.5..282,282,DLN03,5,,1,,,,,,
DLN03.5..283,283,DLN03,5,,1,,,,,,
DLN03.5..284,284,DLN03,5,,1,,TRUE,,,,
DLN03.5..285,285,DLN03,5,,1,,TRUE,,,,
DLN03.5..286,286,DLN03,5,,1,,,,,,
DLN03.5..287,287,DLN03,5,,1,,,,,,
DLN03.5..288,288,DLN03,5,,1,,,,,,
DLN03.5..289,289,DLN03,5,,1,,,,,,
DLN03.5..290,290,DLN03,5,,1,,,,,,
DLN03.5..291,291,DLN03,5,,1,,,,,,
DLN03.5..292,292,DLN03,5,,1,,TRUE,,,,
DLN03.5..293,293,DLN03,5,,1,,TRUE,,,,
DLN03.5..294,294,DLN03,5,,1,,,,,,
DLN03.5..295,295,DLN03,5,,1,,,,,,
DLN03.5..296,296,DLN03,5,,1,,,,,,
DLN03.5..297,297,DLN03,5,,1,,,,,,
DLN03.5..298,298,DLN03,5,,1,,,,,,
DLN03.5..299,299,DLN03,5,,1,,,,,,
DLN03.5..300,300,DLN03,5,,1,,TRUE,,,,
DLN03.5..301,301,DLN03,5,,1,,TRUE,,,,
DLN03.5..302,302,DLN03,5,,1,,,,,,
DLN03.5..303,303,DLN03,5,,1,,,,,,
DLN03.5..304,304,DLN03,5,,1,,,,,,
DLN03.5..305,305,DLN03,5,,1,,,,,,
DLN03.5..306,306,DLN03,5,,1,,,,,,
DLN03.5..307,307,DLN03,5,,1,,,,,,
DLN03.5..308,308,DLN03,5,,1,,TRUE,,,,
DLN03.5..309,309,DLN03,5,,1,,TRUE,,,,
DLN03.5..310,310,DLN03,5,,1,,,,,,
DLN03.5..311,311,DLN03,5,,1,,,,,,
DLN03.5..312,312,DLN03,5,,1,,,,,,
DLN03.5..313,313,DLN03,5,,1,,,,,,
DLN03.5..314,314,DLN03,5,,1,,,,,,
DLN03.5..315,315,DLN03,5,,1,,,,,,
DLN03.5..316,316,DLN03,5,,1,,TRUE,,,,
DLN03.5..317,317,DLN03,5,,1,,TRUE,,,,
DLN03.5..318,318,DLN03,5,,1,,,,,,
DLN03.5..319,319,DLN03,5,,1,,,,,,
DLN03.5..320,320,DLN03,5,,1,,,,,,
DLN03.5..321,321,DLN03,5,,1,,,,,,
DLN03.5..322,322,DLN03,5,,1,,,,,,
DLN03.5..323,323,DLN03,5,,1,,,,,,
DLN03.5..324,324,DLN03,5,,1,,TRUE,,,,
BNE03.18..001,1,BNE03,18,,1,,,,,,
BNE03.18..002,2,BNE03,18,,1,,,,,,
BNE03.18..003,3,BNE03,18,,1,,,,,,
BNE03.18..004,4,BNE03,18,,1,,,,,,
BNE03.18..005,5,BNE03,18,,1,,,,,,
BNE03.18..006,6,BNE03,18,,1,,,,,,
BNE03.18..007,7,BNE03,18,,1,,,,,,
BNE03.18..008,8,BNE03,18,,1,,,,,,
BNE03.18..009,9,BNE03,18,,1,,,,,,
BNE03.18..010,10,BNE03,18,,1,,,,,,
BNE03.18..011,11,BNE03,18,,1,,,,,,
BNE03.18..012,12,BNE03,18,,1,,,,,,
BNE03.18..013,13,BNE03,18,,1,,,,,,
BNE03.18..014,14,BNE03,18,,1,,,,,,
BNE03.18..015,15,BNE03,18,,1,,,,,,
BNE03.18..016,16,BNE03,18,,1,,,,,,
BNE03.18..017,17,BNE03,18,,1,,,,,,
BNE03.18..018,18,BNE03,18,,1,,,,,,
BNE03.18..019,19,BNE03,18,,1,,,,,,
BNE03.18..020,20,BNE03,18,,1,,,,,,
BNE03.18..021,21,BNE03,18,,1,,,,,,
BNE03.18..022,22,BNE03,18,,1,,,,,,
BNE03.18..023,23,BNE03,18,,1,,,,,,
BNE03.18..024,24,BNE03,18,,1,,,,,,
BNE03.18..025,25,BNE03,18,,1,,,,,,
BNE03.18..026,26,BNE03,18,,1,,,,,,
BNE03.18..027,27,BNE03,18,,1,,,,,,
BNE03.18..028,28,BNE03,18,,1,,,,,,
BNE03.18..029,29,BNE03,18,,1,,,,,,
BNE03.18..030,30,BNE03,18,,1,,,,,,
BNE03.18..031,31,BNE03,18,,1,,,,,,
BNE03.18..032,32,BNE03,18,,1,,,,,,
BNE03.18..033,33,BNE03,18,,1,,,,,,
BNE03.18..034,34,BNE03,18,,1,,,,,,
BNE03.18..035,35,BNE03,18,,1,,,,,,
BNE03.18..036,36,BNE03,18,,1,,,,,,
BNE03.18..037,37,BNE03,18,,1,,,,,,
BNE03.18..038,38,BNE03,18,,1,,,,,,
BNE03.18..039,39,BNE03,18,,1,,,,,,
BNE03.18..040,40,BNE03,18,,1,,,,,,
BNE03.18..041,41,BNE03,18,,1,,,,,,
BNE03.18..042,42,BNE03,18,,1,,,,,,
BNE03.18..043,43,BNE03,18,,1,,,,,,
BNE03.18..044,44,BNE03,18,,1,,,,,,
BNE03.18..045,45,BNE03,18,,1,,,,,,
BNE03.18..046,46,BNE03,18,,1,,,,,,
BNE03.18..047,47,BNE03,18,,1,,,,,,
BNE03.18..048,48,BNE03,18,,1,,,,,,
BNE03.18..049,49,BNE03,18,,1,,,,,,
BNE03.18..050,50,BNE03,18,,1,,,,,,
BNE03.18..051,51,BNE03,18,,1,,,,,,
BNE03.18..052,52,BNE03,18,,1,,,,,,
BNE03.18..053,53,BNE03,18,,1,,,,,,
BNE03.18..054,54,BNE03,18,,1,,,,,,
BNE03.18..055,55,BNE03,18,,1,,,,,,
BNE03.18..056,56,BNE03,18,,1,,,,,,
BNE03.18..057,57,BNE03,18,,1,,,,,,
BNE03.18..058,58,BNE03,18,,1,,,,,,
BNE03.18..059,59,BNE03,18,,1,,,,,,
BNE03.18..060,60,BNE03,18,,1,,,,,,
BNE03.18..061,61,BNE03,18,,1,,,,,,
BNE03.18..062,62,BNE03,18,,1,,,,,,
BNE03.18..063,63,BNE03,18,,1,,,,,,
BNE03.18..064,64,BNE03,18,,1,,,,,,
BNE03.18..065,65,BNE03,18,,1,,,,,,
BNE03.18..066,66,BNE03,18,,1,,,,,,
BNE03.18..067,67,BNE03,18,,1,,,,,,
BNE03.18..068,68,BNE03,18,,1,,,,,,
BNE03.18..069,69,BNE03,18,,1,,,,,,
BNE03.18..070,70,BNE03,18,,1,,,,,,
BNE03.18..071,71,BNE03,18,,1,,,,,,
BNE03.18..072,72,BNE03,18,,1,,,,,,
BNE03.18..073,73,BNE03,18,,1,,,,,,
BNE03.18..074,74,BNE03,18,,1,,,,,,
BNE03.18..075,75,BNE03,18,,1,,,,,,
BNE03.18..076,76,BNE03,18,,1,,,,,,
BNE03.18..077,77,BNE03,18,,1,,,,,,
BNE03.18..078,78,BNE03,18,,1,,,,,,
BNE03.18..079,79,BNE03,18,,1,,,,,,
BNE03.18..080,80,BNE03,18,,1,,,,,,
BNE03.18..081,81,BNE03,18,,1,,,,,,
BNE03.18..082,82,BNE03,18,,1,,,,,,
BNE03.18..083,83,BNE03,18,,1,,,,,,
BNE03.18..084,84,BNE03,18,,1,,,,,,
BNE03.18..085,85,BNE03,18,,1,,,,,,
BNE03.18..086,86,BNE03,18,,1,,,,,,
BNE03.18..087,87,BNE03,18,,1,,,,,,
BNE03.18..088,88,BNE03,18,,1,,,,,,
BNE03.18..089,89,BNE03,18,,1,,,,,,
BNE03.18..090,90,BNE03,18,,1,,,,,,
BNE03.18..091,91,BNE03,18,,1,,,,,,
BNE03.18..092,92,BNE03,18,,1,,,,,,
BNE03.18..093,93,BNE03,18,,1,,,,,,
BNE03.18..094,94,BNE03,18,,1,,,,,,
BNE03.18..095,95,BNE03,18,,1,,,,,,
BNE03.18..096,96,BNE03,18,,1,,,,,,
BNE03.18..097,97,BNE03,18,,1,,,,,,
BNE03.18..098,98,BNE03,18,,1,,,,,,
BNE03.18..099,99,BNE03,18,,1,,,,,,
BNE03.18..100,100,BNE03,18,,1,,,,,,
BNE03.18..101,101,BNE03,18,,1,,,,,,
BNE03.18..102,102,BNE03,18,,1,,,,,,
BNE03.18..103,103,BNE03,18,,1,,,,,,
BNE03.18..104,104,BNE03,18,,1,,,,,,
BNE03.18..105,105,BNE03,18,,1,,,,,,
BNE03.18..106,106,BNE03,18,,1,,,,,,
BNE03.18..107,107,BNE03,18,,1,,,,,,
BNE03.18..108,108,BNE03,18,,1,,,,,,
BNE03.18..109,109,BNE03,18,,1,,,,,,
BNE03.18..110,110,BNE03,18,,1,,,,,,
BNE03.18..111,111,BNE03,18,,1,,,,,,
BNE03.18..112,112,BNE03,18,,1,,,,,,
BNE03.18..113,113,BNE03,18,,1,,,,,,
BNE03.18..114,114,BNE03,18,,1,,,,,,
BNE03.18..115,115,BNE03,18,,1,,,,,,
BNE03.18..116,116,BNE03,18,,1,,,,,,
BNE03.18..117,117,BNE03,18,,1,,,,,,
BNE03.18..118,118,BNE03,18,,1,,,,,,
BNE03.18..119,119,BNE03,18,,1,,,,,,
BNE03.18..120,120,BNE03,18,,1,,,,,,
BNE03.19..001,1,BNE03,19,,1,,,,,,
BNE03.19..002,2,BNE03,19,,1,,,,,,
BNE03.19..003,3,BNE03,19,,1,,,,,,
BNE03.19..004,4,BNE03,19,,1,,,,,,
BNE03.19..005,5,BNE03,19,,1,,,,,,
BNE03.19..006,6,BNE03,19,,1,,,,,,
BNE03.19..007,7,BNE03,19,,1,,,,,,
BNE03.19..008,8,BNE03,19,,1,,,,,,
BNE03.19..009,9,BNE03,19,,1,,,,,,
BNE03.19..010,10,BNE03,19,,1,,,,,,
BNE03.19..011,11,BNE03,19,,1,,,,,,
BNE03.19..012,12,BNE03,19,,1,,,,,,
BNE03.19..013,13,BNE03,19,,1,,,,,,
BNE03.19..014,14,BNE03,19,,1,,,,,,
BNE03.19..015,15,BNE03,19,,1,,,,,,
BNE03.19..016,16,BNE03,19,,1,,,,,,
BNE03.19..017,17,BNE03,19,,1,,,,,,
BNE03.19..018,18,BNE03,19,,1,,,,,,
BNE03.19..019,19,BNE03,19,,1,,,,,,
BNE03.19..020,20,BNE03,19,,1,,,,,,
BNE03.19..021,21,BNE03,19,,1,,,,,,
BNE03.19..022,22,BNE03,19,,1,,,,,,
BNE03.19..023,23,BNE03,19,,1,,,,,,
BNE03.19..024,24,BNE03,19,,1,,,,,,
BNE03.19..025,25,BNE03,19,,1,,,,,,
BNE03.19..026,26,BNE03,19,,1,,,,,,
BNE03.19..027,27,BNE03,19,,1,,,,,,
BNE03.19..028,28,BNE03,19,,1,,,,,,
BNE03.19..029,29,BNE03,19,,1,,,,,,
BNE03.19..030,30,BNE03,19,,1,,,,,,
BNE03.19..031,31,BNE03,19,,1,,,,,,
BNE03.19..032,32,BNE03,19,,1,,,,,,
BNE03.19..033,33,BNE03,19,,1,,,,,,
BNE03.19..034,34,BNE03,19,,1,,,,,,
BNE03.19..035,35,BNE03,19,,1,,,,,,
BNE03.19..036,36,BNE03,19,,1,,,,,,
BNE03.19..037,37,BNE03,19,,1,,,,,,
BNE03.19..038,38,BNE03,19,,1,,,,,,
BNE03.19..039,39,BNE03,19,,1,,,,,,
BNE03.19..040,40,BNE03,19,,1,,,,,,
BNE03.19..041,41,BNE03,19,,1,,,,,,
BNE03.19..042,42,BNE03,19,,1,,,,,,
BNE03.19..043,43,BNE03,19,,1,,,,,,
BNE03.19..044,44,BNE03,19,,1,,,,,,
BNE03.19..045,45,BNE03,19,,1,,,,,,
BNE03.19..046,46,BNE03,19,,1,,,,,,
BNE03.19..047,47,BNE03,19,,1,,,,,,
BNE03.19..048,48,BNE03,19,,1,,,,,,
BNE03.19..049,49,BNE03,19,,1,,,,,,
BNE03.19..050,50,BNE03,19,,1,,,,,,
BNE03.19..051,51,BNE03,19,,1,,,,,,
BNE03.19..052,52,BNE03,19,,1,,,,,,
BNE03.19..053,53,BNE03,19,,1,,,,,,
BNE03.19..054,54,BNE03,19,,1,,,,,,
BNE03.19..055,55,BNE03,19,,1,,,,,,
BNE03.19..056,56,BNE03,19,,1,,,,,,
BNE03.19..057,57,BNE03,19,,1,,,,,,
BNE03.19..058,58,BNE03,19,,1,,,,,,
BNE03.19..059,59,BNE03,19,,1,,,,,,
BNE03.19..060,60,BNE03,19,,1,,,,,,
BNE03.19..061,61,BNE03,19,,1,,,,,,
BNE03.19..062,62,BNE03,19,,1,,,,,,
BNE03.19..063,63,BNE03,19,,1,,,,,,
BNE03.19..064,64,BNE03,19,,1,,,,,,
BNE03.19..065,65,BNE03,19,,1,,,,,,
BNE03.19..066,66,BNE03,19,,1,,,,,,
BNE03.19..067,67,BNE03,19,,1,,,,,,
BNE03.19..068,68,BNE03,19,,1,,,,,,
BNE03.19..069,69,BNE03,19,,1,,,,,,
BNE03.19..070,70,BNE03,19,,1,,,,,,
BNE03.19..071,71,BNE03,19,,1,,,,,,
BNE03.19..072,72,BNE03,19,,1,,,,,,
BNE03.19..073,73,BNE03,19,,1,,,,,,
BNE03.19..074,74,BNE03,19,,1,,,,,,
BNE03.19..075,75,BNE03,19,,1,,,,,,
BNE03.19..076,76,BNE03,19,,1,,,,,,
BNE03.19..077,77,BNE03,19,,1,,,,,,
BNE03.19..078,78,BNE03,19,,1,,,,,,
BNE03.19..079,79,BNE03,19,,1,,,,,,
BNE03.19..080,80,BNE03,19,,1,,,,,,
BNE03.19..081,81,BNE03,19,,1,,,,,,
BNE03.19..082,82,BNE03,19,,1,,,,,,
BNE03.19..083,83,BNE03,19,,1,,,,,,
BNE03.19..084,84,BNE03,19,,1,,,,,,
BNE03.19..085,85,BNE03,19,,1,,,,,,
BNE03.19..086,86,BNE03,19,,1,,,,,,
BNE03.19..087,87,BNE03,19,,1,,,,,,
BNE03.19..088,88,BNE03,19,,1,,,,,,
BNE03.19..089,89,BNE03,19,,1,,,,,,
BNE03.19..090,90,BNE03,19,,1,,,,,,
BNE03.19..091,91,BNE03,19,,1,,,,,,
BNE03.19..092,92,BNE03,19,,1,,,,,,
BNE03.19..093,93,BNE03,19,,1,,,,,,
BNE03.19..094,94,BNE03,19,,1,,,,,,
BNE03.19..095,95,BNE03,19,,1,,,,,,
BNE03.19..096,96,BNE03,19,,1,,,,,,
BNE03.19..097,97,BNE03,19,,1,,,,,,
BNE03.19..098,98,BNE03,19,,1,,,,,,
BNE03.19..099,99,BNE03,19,,1,,,,,,
BNE03.19..100,100,BNE03,19,,1,,,,,,
BNE03.19..101,101,BNE03,19,,1,,,,,,
BNE03.19..102,102,BNE03,19,,1,,,,,,
BNE03.19..103,103,BNE03,19,,1,,,,,,
BNE03.19..104,104,BNE03,19,,1,,,,,,
BNE03.19..105,105,BNE03,19,,1,,,,,,
BNE03.19..106,106,BNE03,19,,1,,,,,,
BNE03.19..107,107,BNE03,19,,1,,,,,,
BNE03.19..108,108,BNE03,19,,1,,,,,,
BNE03.19..109,109,BNE03,19,,1,,,,,,
BNE03.19..110,110,BNE03,19,,1,,,,,,
BNE03.19..111,111,BNE03,19,,1,,,,,,
BNE03.19..112,112,BNE03,19,,1,,,,,,
BNE03.19..113,113,BNE03,19,,1,,,,,,
BNE03.19..114,114,BNE03,19,,1,,,,,,
BNE03.19..115,115,BNE03,19,,1,,,,,,
BNE03.19..116,116,BNE03,19,,1,,,,,,
BNE03.19..117,117,BNE03,19,,1,,,,,,
BNE03.19..118,118,BNE03,19,,1,,,,,,
BNE03.19..119,119,BNE03,19,,1,,,,,,
BNE03.19..120,120,BNE03,19,,1,,,,,,
BNE03.20..001,1,BNE03,20,,1,,,,,,
BNE03.20..002,2,BNE03,20,,1,,,,,,
BNE03.20..003,3,BNE03,20,,1,,,,,,
BNE03.20..004,4,BNE03,20,,1,,,,,,
BNE03.20..005,5,BNE03,20,,1,,,,,,
BNE03.20..006,6,BNE03,20,,1,,,,,,
BNE03.20..007,7,BNE03,20,,1,,,,,,
BNE03.20..008,8,BNE03,20,,1,,,,,,
BNE03.20..009,9,BNE03,20,,1,,,,,,
BNE03.20..010,10,BNE03,20,,1,,,,,,
BNE03.20..011,11,BNE03,20,,1,,,,,,
BNE03.20..012,12,BNE03,20,,1,,,,,,
BNE03.20..013,13,BNE03,20,,1,,,,,,
BNE03.20..014,14,BNE03,20,,1,,,,,,
BNE03.20..015,15,BNE03,20,,1,,,,,,
BNE03.20..016,16,BNE03,20,,1,,,,,,
BNE03.20..017,17,BNE03,20,,1,,,,,,
BNE03.20..018,18,BNE03,20,,1,,,,,,
BNE03.20..019,19,BNE03,20,,1,,,,,,
BNE03.20..020,20,BNE03,20,,1,,,,,,
BNE03.20..021,21,BNE03,20,,1,,,,,,
BNE03.20..022,22,BNE03,20,,1,,,,,,
BNE03.20..023,23,BNE03,20,,1,,,,,,
BNE03.20..024,24,BNE03,20,,1,,,,,,
BNE03.20..025,25,BNE03,20,,1,,,,,,
BNE03.20..026,26,BNE03,20,,1,,,,,,
BNE03.20..027,27,BNE03,20,,1,,,,,,
BNE03.20..028,28,BNE03,20,,1,,,,,,
BNE03.20..029,29,BNE03,20,,1,,,,,,
BNE03.20..030,30,BNE03,20,,1,,,,,,
BNE03.20..031,31,BNE03,20,,1,,,,,,
BNE03.20..032,32,BNE03,20,,1,,,,,,
BNE03.20..033,33,BNE03,20,,1,,,,,,
BNE03.20..034,34,BNE03,20,,1,,,,,,
BNE03.20..035,35,BNE03,20,,1,,,,,,
BNE03.20..036,36,BNE03,20,,1,,,,,,
BNE03.20..037,37,BNE03,20,,1,,,,,,
BNE03.20..038,38,BNE03,20,,1,,,,,,
BNE03.20..039,39,BNE03,20,,1,,,,,,
BNE03.20..040,40,BNE03,20,,1,,,,,,
BNE03.20..041,41,BNE03,20,,1,,,,,,
BNE03.20..042,42,BNE03,20,,1,,,,,,
BNE03.20..043,43,BNE03,20,,1,,,,,,
BNE03.20..044,44,BNE03,20,,1,,,,,,
BNE03.20..045,45,BNE03,20,,1,,,,,,
BNE03.20..046,46,BNE03,20,,1,,,,,,
BNE03.20..047,47,BNE03,20,,1,,,,,,
BNE03.20..048,48,BNE03,20,,1,,,,,,
BNE03.20..049,49,BNE03,20,,1,,,,,,
BNE03.20..050,50,BNE03,20,,1,,,,,,
BNE03.20..051,51,BNE03,20,,1,,,,,,
BNE03.20..052,52,BNE03,20,,1,,,,,,
BNE03.20..053,53,BNE03,20,,1,,,,,,
BNE03.20..054,54,BNE03,20,,1,,,,,,
BNE03.20..055,55,BNE03,20,,1,,,,,,
BNE03.20..056,56,BNE03,20,,1,,,,,,
BNE03.20..057,57,BNE03,20,,1,,,,,,
BNE03.20..058,58,BNE03,20,,1,,,,,,
BNE03.20..059,59,BNE03,20,,1,,,,,,
BNE03.20..060,60,BNE03,20,,1,,,,,,
BNE03.20..061,61,BNE03,20,,1,,,,,,
BNE03.20..062,62,BNE03,20,,1,,,,,,
BNE03.20..063,63,BNE03,20,,1,,,,,,
BNE03.20..064,64,BNE03,20,,1,,,,,,
BNE03.20..065,65,BNE03,20,,1,,,,,,
BNE03.20..066,66,BNE03,20,,1,,,,,,
BNE03.20..067,67,BNE03,20,,1,,,,,,
BNE03.20..068,68,BNE03,20,,1,,,,,,
BNE03.20..069,69,BNE03,20,,1,,,,,,
BNE03.20..070,70,BNE03,20,,1,,,,,,
BNE03.20..071,71,BNE03,20,,1,,,,,,
BNE03.20..072,72,BNE03,20,,1,,,,,,
BNE03.20..073,73,BNE03,20,,1,,,,,,
BNE03.20..074,74,BNE03,20,,1,,,,,,
BNE03.20..075,75,BNE03,20,,1,,,,,,
BNE03.20..076,76,BNE03,20,,1,,,,,,
BNE03.20..077,77,BNE03,20,,1,,,,,,
BNE03.20..078,78,BNE03,20,,1,,,,,,
BNE03.20..079,79,BNE03,20,,1,,,,,,
BNE03.20..080,80,BNE03,20,,1,,,,,,
BNE03.20..081,81,BNE03,20,,1,,,,,,
BNE03.20..082,82,BNE03,20,,1,,,,,,
BNE03.20..083,83,BNE03,20,,1,,,,,,
BNE03.20..084,84,BNE03,20,,1,,,,,,
BNE03.20..085,85,BNE03,20,,1,,,,,,
BNE03.20..086,86,BNE03,20,,1,,,,,,
BNE03.20..087,87,BNE03,20,,1,,,,,,
BNE03.20..088,88,BNE03,20,,1,,,,,,
BNE03.20..089,89,BNE03,20,,1,,,,,,
BNE03.20..090,90,BNE03,20,,1,,,,,,
BNE03.20..091,91,BNE03,20,,1,,,,,,
BNE03.20..092,92,BNE03,20,,1,,,,,,
BNE03.20..093,93,BNE03,20,,1,,,,,,
BNE03.20..094,94,BNE03,20,,1,,,,,,
BNE03.20..095,95,BNE03,20,,1,,,,,,
BNE03.20..096,96,BNE03,20,,1,,,,,,
BNE03.20..097,97,BNE03,20,,1,,,,,,
BNE03.20..098,98,BNE03,20,,1,,,,,,
BNE03.20..099,99,BNE03,20,,1,,,,,,
BNE03.20..100,100,BNE03,20,,1,,,,,,
BNE03.20..101,101,BNE03,20,,1,,,,,,
BNE03.20..102,102,BNE03,20,,1,,,,,,
BNE03.20..103,103,BNE03,20,,1,,,,,,
BNE03.20..104,104,BNE03,20,,1,,,,,,
BNE03.20..105,105,BNE03,20,,1,,,,,,
BNE03.20..106,106,BNE03,20,,1,,,,,,
BNE03.20..107,107,BNE03,20,,1,,,,,,
BNE03.20..108,108,BNE03,20,,1,,,,,,
BNE03.20..109,109,BNE03,20,,1,,,,,,
BNE03.20..110,110,BNE03,20,,1,,,,,,
BNE03.20..111,111,BNE03,20,,1,,,,,,
BNE03.20..112,112,BNE03,20,,1,,,,,,
BNE03.20..113,113,BNE03,20,,1,,,,,,
BNE03.20..114,114,BNE03,20,,1,,,,,,
BNE03.20..115,115,BNE03,20,,1,,,,,,
BNE03.20..116,116,BNE03,20,,1,,,,,,
BNE03.20..117,117,BNE03,20,,1,,,,,,
BNE03.20..118,118,BNE03,20,,1,,,,,,
BNE03.20..119,119,BNE03,20,,1,,,,,,
BNE03.20..120,120,BNE03,20,,1,,,,,,
